id,name,parent_id/id
__import__.pc_4787d60ab4620176b00d,Accu-Check,__import__.pc_11920883bfe5b90a2893
__import__.pc_6c537941dff2f7d3442c,Accutrend Plus,__import__.pc_11920883bfe5b90a2893
__import__.pc_37793b7fb1f7c6e6b08c,Beurer GL - Produkte,__import__.pc_11920883bfe5b90a2893
__import__.pc_cf7256e0a27575f2d849,Combur - Teststreifen,__import__.pc_11920883bfe5b90a2893
__import__.pc_f300d2bbbeaaddbfd98a,Covid-19 - Teststreifen,__import__.pc_11920883bfe5b90a2893
__import__.pc_3b0422200a65a1884f97,Servo - Teststreifen,__import__.pc_11920883bfe5b90a2893
__import__.pc_6f6f18b023e8beb669cf,Bechergläser,__import__.pc_0e507ca3829ae116eae3
__import__.pc_d726f5d816ae8f7550e4,Einmal-Kapillaren,__import__.pc_0e507ca3829ae116eae3
__import__.pc_42a7c5dea94a46b5698e,Instrumentenschalen,__import__.pc_0e507ca3829ae116eae3
__import__.pc_80518a19c3afeb76fce6,Meßzylinder,__import__.pc_0e507ca3829ae116eae3
__import__.pc_33bcac8a9b7c2d3af2e2,Petrischalen,__import__.pc_0e507ca3829ae116eae3
__import__.pc_082bb6ce56cc8de85529,Pipetten und Zubehör,__import__.pc_0e507ca3829ae116eae3
__import__.pc_448b5b402b2798a9397b,Reagenzgläser / Halter,__import__.pc_0e507ca3829ae116eae3
__import__.pc_41c0fa3c077251cee7d7,Steilbrustflaschen,__import__.pc_0e507ca3829ae116eae3
__import__.pc_ac609b1b75b0193349af,Tonsillenabsaugbesteck,__import__.pc_0e507ca3829ae116eae3
__import__.pc_b3a2d20d00405a231011,Überschichtungsglas,__import__.pc_0e507ca3829ae116eae3
__import__.pc_b81e9172fbfcb30dd960,Scheren,__import__.pc_8f1935879397c0402502
__import__.pc_97a926a7bfedc92d0bf0,Watteträger / Tupferzangen*,__import__.pc_8f1935879397c0402502
__import__.pc_48fef1e5f22fdc72645c,Pinzetten,__import__.pc_8f1935879397c0402502
__import__.pc_b0139af1a3231416f56b,Blutsenkung,__import__.pc_988435878dff79c94791
__import__.pc_0e9f23a8c3dcf954557e,Pipetten und Zubehör,__import__.pc_988435878dff79c94791
__import__.pc_985810d62856f48bbfda,Mikroskopie und Zubehör,__import__.pc_e984276408d6ab43d43d
__import__.pc_4ce6bbf063e9a22bf78a,Zentrifugen und Zubehör,__import__.pc_e984276408d6ab43d43d
__import__.pc_0a0426c1612f1d3f5c0d,Sarstedt,__import__.pc_fedcc578f57fba5a684c
__import__.pc_d474de000b1c08f52539,Vacutainer,__import__.pc_fedcc578f57fba5a684c
__import__.pc_56dd87444cc8822f4959,Infusionsständer & -zubehör,__import__.pc_9e9dcee313d879e10c3a
__import__.pc_22b2efb357fb904f70c5,"Praxis- und Therapiehocker, fixe Höhe",__import__.pc_9e9dcee313d879e10c3a
__import__.pc_f4ec193171ede067acf0,sonstige Einrichtung,__import__.pc_9e9dcee313d879e10c3a
__import__.pc_1a6955abe67c11968e7a,Spendersysteme,__import__.pc_9e9dcee313d879e10c3a
__import__.pc_9239e9c588ee1329788b,Vielzweckwagen & Zubehör,__import__.pc_9e9dcee313d879e10c3a
__import__.pc_48feca8f81e1b38f57c7,Schränke,__import__.pc_9e9dcee313d879e10c3a
__import__.pc_d0d342ef2274dc4536ee,Untersuchungsleuchte,__import__.pc_9e9dcee313d879e10c3a
__import__.pc_b0459d427eff706259b1,Ultraschallreiniger & Steris,__import__.pc_9e9dcee313d879e10c3a
__import__.pc_67fb8a433a04f181c28e,Luftreiniger -befeuchter,__import__.pc_9e9dcee313d879e10c3a
__import__.pc_288e4b451b775fa8e8f8,Krankengymnastik,__import__.pc_9e9dcee313d879e10c3a
__import__.pc_8e43ab7aa703f4939672,Büromaterial Rechnung und Termin,__import__.pc_44f9891656802c430663
__import__.pc_496fd49fc3125243c17d,Hinweisschilder,__import__.pc_44f9891656802c430663
__import__.pc_9273c53708cf38223d08,Wegweiser,__import__.pc_44f9891656802c430663
__import__.pc_ce1312f7d9d5e7a06081,"für 1,5 g und 2 g Gläschen",__import__.pc_9f14c3ce30e99b7ef5c9
__import__.pc_8bb6ebbdda983d2e78fe,für 1 g Gläschen,__import__.pc_9f14c3ce30e99b7ef5c9
__import__.pc_c5009a2674da72de67c9,für Bachblüten,__import__.pc_9f14c3ce30e99b7ef5c9
__import__.pc_2ffe14e21417fa884175,für Schraubverschlussgläser,__import__.pc_9f14c3ce30e99b7ef5c9
__import__.pc_4db752ad051d718c330d,für Tuben & Gläschen bis 5g,__import__.pc_9f14c3ce30e99b7ef5c9
__import__.pc_b4374e7c4161d6bbac02,Rollapotheken,__import__.pc_9f14c3ce30e99b7ef5c9
__import__.pc_0d3e36cce77e055d73ab,Taschenapotheken,__import__.pc_9f14c3ce30e99b7ef5c9
__import__.pc_6d4e571d5457c6d67c82,Flachbodengläschen,__import__.pc_b34728db0bca5b360552
__import__.pc_6cf799a2d41c232b8c93,für Bachblüten,__import__.pc_b34728db0bca5b360552
__import__.pc_196795e6e5ad513691de,Globuli,__import__.pc_b34728db0bca5b360552
__import__.pc_ca7c1fad0ef15c474cea,Medizinflaschen & Zubehör,__import__.pc_b34728db0bca5b360552
__import__.pc_105464f65ebd022b86a3,Pipettenmontur,__import__.pc_b34728db0bca5b360552
__import__.pc_de3103a09e47a312b436,Rollrandgläschen,__import__.pc_b34728db0bca5b360552
__import__.pc_5e74f5c101cf937acb89,Schlüsselanhänger,__import__.pc_b34728db0bca5b360552
__import__.pc_e03a82538e17bb332ac8,Schraubverschlussgläschen,__import__.pc_b34728db0bca5b360552
__import__.pc_7721cc501637fb282f81,Tablettenglas,__import__.pc_b34728db0bca5b360552
__import__.pc_7901220a1d892bc84074,Buchreihe Roy: Homöopathische Ratgeber,__import__.pc_9eada8fd21ba315ba337
__import__.pc_accf9ac6a861353c3fdf,weitere Bücher,__import__.pc_9eada8fd21ba315ba337
__import__.pc_1bf327ac0b7c42656a7a,System Borea,__import__.pc_b04180f806f5091eba81
__import__.pc_3647f352ba76f448b81d,System Osiris,__import__.pc_b04180f806f5091eba81
__import__.pc_d6f3545242965c9d5dc8,mit Holz oder Korkgriff,__import__.pc_62a8c9f2d403f2e2d616
__import__.pc_bb75fe8338edbd9c33b3,mit Metallgriff,__import__.pc_62a8c9f2d403f2e2d616
__import__.pc_ad14ac59cb02d98c9c25,aus dem Karnutenwald,__import__.pc_62a8c9f2d403f2e2d616
__import__.pc_7f64a3fa2c1895539db1,Relax Sensation,__import__.pc_392d44da86b600c28805
__import__.pc_bd0b765c602651c7aede,Massageliegen aus Holz,__import__.pc_392d44da86b600c28805
__import__.pc_03ff43b0caae0856a24b,"Höhenverstellbar, 2-teilig",__import__.pc_61ce29fdf70625b05cd8
__import__.pc_6ce10995f61683aea3b6,"Höhenverstellbar, 3-teilig",__import__.pc_61ce29fdf70625b05cd8
__import__.pc_b7090c0f0609fdfd2e8b,Breite/Länge 60/190 - 70/200,__import__.pc_d5dc033deaaef5c90d55
__import__.pc_71b713dad30b5acef9b6,Breite/Länge 75/190 - 85/200,__import__.pc_d5dc033deaaef5c90d55
__import__.pc_5418fad7f9ebb1579159,Fangolaken,__import__.pc_d5dc033deaaef5c90d55
__import__.pc_f6a7ff4e020797c30076,Fußauflagen / Gummispanner,__import__.pc_d5dc033deaaef5c90d55
__import__.pc_4fbf65e45d9b65bcaf61,BRAUN Dentalkanülen,__import__.pc_f6e60523e52a3f29e433
__import__.pc_5da131a91b44f5ca9e99,BRAUN Kanülen,__import__.pc_f6e60523e52a3f29e433
__import__.pc_f6f6e54567f5041e44ec,Kanülen Sondergrößen,__import__.pc_f6e60523e52a3f29e433
__import__.pc_ddcce67a4b58b6683d65,Microlance Kanülen,__import__.pc_f6e60523e52a3f29e433
__import__.pc_0fe72c17f0a87ceb0e38,Terumo Kanülen,__import__.pc_f6e60523e52a3f29e433
__import__.pc_d05d29a9427e5dc70996,Venenpunktionskanülen,__import__.pc_f6e60523e52a3f29e433
__import__.pc_7f3bda815a49ac88f70c,Venenverweilkanülen,__import__.pc_f6e60523e52a3f29e433
__import__.pc_7158f3936cb387b5b454,BRAUN Injekt Spritzen,__import__.pc_4a0111cdb2befff22a4d
__import__.pc_53af081abe8a59d61bfa,BRAUN Omnifix Spritzen,__import__.pc_4a0111cdb2befff22a4d
__import__.pc_b06230794a85947dc178,Einmal-Spritzen,__import__.pc_4a0111cdb2befff22a4d
__import__.pc_1a524c06cc7f8c92c294,Spritzen-Zubehör,__import__.pc_4a0111cdb2befff22a4d
__import__.pc_01b100077ece6999274a,Sterilisierbare Spritzen,__import__.pc_4a0111cdb2befff22a4d
__import__.pc_c23ba2e9132af374436c,Askina,__import__.pc_70ae954b7f56c812c043
__import__.pc_2bbcf8a1e80342d435b1,Hansaplast,__import__.pc_70ae954b7f56c812c043
__import__.pc_36c3c37aab3c04fc219e,Injektionspflaster,__import__.pc_70ae954b7f56c812c043
__import__.pc_bf50f545a5364fa91ee3,"Leukoplast, Leukosilk, Leukopor",__import__.pc_70ae954b7f56c812c043
__import__.pc_2d45a87e0287b65f0fa6,Leukopor,__import__.pc_70ae954b7f56c812c043
__import__.pc_061f9bb36bb71899c8a0,Leukosilk,__import__.pc_70ae954b7f56c812c043
__import__.pc_1e3f7ddcba5172f63428,Comprilan,__import__.pc_cf8b559030fbc4cc959b
__import__.pc_9f528189a937079727dc,Elastomull,__import__.pc_cf8b559030fbc4cc959b
__import__.pc_317ec05f84eed7e2277c,Gazofix,__import__.pc_cf8b559030fbc4cc959b
__import__.pc_5eae9b94e51b235a4b64,Askina,__import__.pc_cf8b559030fbc4cc959b
__import__.pc_6381ffd2f3ee3342906c,Kältesprays,__import__.pc_56a8ca8b73e690c23bad
__import__.pc_5ce08aa5d072b6b35c36,Gitter-Tape Typ A,__import__.pc_3924540cf3bf838bacf6
__import__.pc_66635d76e571701e428b,Gitter-Tape Typ B,__import__.pc_3924540cf3bf838bacf6
__import__.pc_0356049cfc260b78fa49,Gitter-Tape Typ C,__import__.pc_3924540cf3bf838bacf6
__import__.pc_9a4c0dc9ed7f9bfc59fd,"Tapes XXL, 5 cm x 32 m",__import__.pc_b5f80b45d2b60bb8189c
__import__.pc_442b99be97e8a5412613,"Tapes, 5 cm x 5 m",__import__.pc_b5f80b45d2b60bb8189c
__import__.pc_e705f329827883bf9b83,"Tapes, Sondergrößen",__import__.pc_b5f80b45d2b60bb8189c
__import__.pc_edf0226871aa75886d0b,Turmalin Tapes,__import__.pc_b5f80b45d2b60bb8189c
__import__.pc_478ac070a379b849269b,Aku-Taping (Buch),__import__.pc_9aae333875e239d2751a
__import__.pc_f009d6381b2d2f5fdb39,Dolo-Taping (Buch),__import__.pc_9aae333875e239d2751a
__import__.pc_924f6214085b7aca8b62,Medi-Taping (Buch),__import__.pc_9aae333875e239d2751a
__import__.pc_bbf97b8a16adf4890039,weitere Bücher,__import__.pc_9aae333875e239d2751a
__import__.pc_e98447c56d053fdb0f63,Karten,__import__.pc_e99d97ef3dbaa9b4420b
__import__.pc_2ace6b5dbd065c8cc0a3,Mini-Poster,__import__.pc_e99d97ef3dbaa9b4420b
__import__.pc_37878ddc421fffd6b4fe,Poster,__import__.pc_e99d97ef3dbaa9b4420b
__import__.pc_66a4ec301d54c0e842e5,weiteres Lehrmaterial,__import__.pc_e99d97ef3dbaa9b4420b
__import__.pc_e967eaccac8e4f90aae1,Booklets & Postersets,__import__.pc_e99d97ef3dbaa9b4420b
__import__.pc_65b195ebd2dd9fbd2aff,Anat. Modelle,__import__.pc_f218d4bd8816b7af4c15
__import__.pc_bd1f1c3165671305e1a8,Skelette,__import__.pc_f218d4bd8816b7af4c15
__import__.pc_1e7187b97c914be5e972,Irisdiagnose,__import__.pc_6417a190b3752a07959e
__import__.pc_bbc0c1b5b7bbe3adf03a,EAV Gerätezubehör,__import__.pc_6417a190b3752a07959e
__import__.pc_21967093a73ffc15d6af,Venenwalker,__import__.pc_1ddeab9ff67ad56bef52
__import__.pc_8d9736e9f7479c663386,Desinfektionstücher,__import__.pc_fcd00e05203c087e9643
__import__.pc_5e4b04682215f760d67e,gebrauchsfertige Lösung,__import__.pc_fcd00e05203c087e9643
__import__.pc_d14b17dcb5563d22fa72,Konzentrat,__import__.pc_fcd00e05203c087e9643
__import__.pc_53e5e28c673cb1a536de,Einmal-Nasenschlitztücher,__import__.pc_7e8d6edee53b0c9ecf5d
__import__.pc_c579f79c7b74776f9600,Liegenpapier,__import__.pc_7e8d6edee53b0c9ecf5d
__import__.pc_8772ecab9f095b639f70,Hygienepapier & Spender,__import__.pc_7e8d6edee53b0c9ecf5d
__import__.pc_180d5a560288a0135e4b,BODE Euro,__import__.pc_8022a5b38407b69a69bf
__import__.pc_b61e85d05d415cbabebb,B.BRAUN,__import__.pc_8022a5b38407b69a69bf
__import__.pc_6b9b24b4fc99eb3f7d97,Kimberly-Clark,__import__.pc_8022a5b38407b69a69bf
__import__.pc_842ff7994264c7e2cdcc,Hygieneständer,__import__.pc_8022a5b38407b69a69bf
__import__.pc_90bb442c945df503f09a,Mundschutz,__import__.pc_5a0c37f791cea27175ca
__import__.pc_39f6c67a3c309b1839ef,Latexhandschuhe,__import__.pc_5a0c37f791cea27175ca
__import__.pc_713a020a90066ce1af81,"PE - Handschuhe, latexfrei",__import__.pc_5a0c37f791cea27175ca
__import__.pc_1670af35ce6c90d13fd2,"Nitrilhandschuhe, latexfrei",__import__.pc_5a0c37f791cea27175ca
__import__.pc_55a50690ee4858cd63f5,Zubehör,__import__.pc_5a0c37f791cea27175ca
__import__.pc_c0411fcf6e26765cbcb8,Digitale Blutdruckmessgeräte,__import__.pc_76bf90520718118fca2c
__import__.pc_fdeb36b4a7eca028431e,Manuelle Blutdruckmessgeräte,__import__.pc_76bf90520718118fca2c
__import__.pc_bb1abd1fb5e6285eea3b,Blutdruckmessgeräte - Zubehör,__import__.pc_76bf90520718118fca2c
__import__.pc_8c0e70d7a76a83e46c5c,Otoskope und Zubehör,__import__.pc_dec2249135401803a0dd
__import__.pc_498c38442e58d193e76a,Diagnostik-Sets,__import__.pc_dec2249135401803a0dd
__import__.pc_a38e62c12cdf154c4608,Diagnostikleuchten,__import__.pc_dec2249135401803a0dd
__import__.pc_5c338e77246a51f177d2,Ohrtipps und Zubehör,__import__.pc_dec2249135401803a0dd
__import__.pc_c7013f29b77037b1809e,Ersatzlampen und Batterien,__import__.pc_dec2249135401803a0dd
__import__.pc_75d30c4e17ddca9aa7f4,Irislupen,__import__.pc_78859794a1feb81de51f
__import__.pc_e89eae0cb2bbbf93e3b0,IriScope,__import__.pc_78859794a1feb81de51f
__import__.pc_1f9bbccb2c2a83eee198,Lehrbücher zur Iris / Augendiagnose,__import__.pc_78859794a1feb81de51f
__import__.pc_ffc79e8ad7a883544b64,Irismikroskope,__import__.pc_78859794a1feb81de51f
__import__.pc_a8278c68dbbfb3c5ee6e,weitere Stethoskope,__import__.pc_baeb903eb78d0c504992
__import__.pc_b35498975b0d1cc88280,Luxamed - Stethoskope,__import__.pc_baeb903eb78d0c504992
__import__.pc_b7da44736b723a5a3384,Littmann - Stethoskope,__import__.pc_baeb903eb78d0c504992
__import__.pc_f59c0b02b44ccc936317,Digitale Thermometer,__import__.pc_72de899621a7da187a8d
__import__.pc_59a0c2c72275750d4db9,Zubehör,__import__.pc_72de899621a7da187a8d
__import__.pc_d8dee266f536d314bb88,Diagnosewaagen,__import__.pc_905ae7b9ce8d1cd9371e
__import__.pc_c38c06fcc6b1ddab7b3f,Globuliwaagen,__import__.pc_905ae7b9ce8d1cd9371e
__import__.pc_8bff7a6b48efc42e234f,"Winkelmesser, Maßband, Hautmarker",__import__.pc_905ae7b9ce8d1cd9371e
__import__.pc_5200cbbf35a9e27f5fb7,Personenwaagen,__import__.pc_905ae7b9ce8d1cd9371e
__import__.pc_f96260a63ef5633ee4bc,Rückenmessung,__import__.pc_905ae7b9ce8d1cd9371e
__import__.pc_1602c7af33bf5e6b4c9e,EKG-Gerät,__import__.pc_3473b8b9b955f542f0d3
__import__.pc_bf16c5dbfcd9ad6df668,Plessimeter,__import__.pc_3473b8b9b955f542f0d3
__import__.pc_57c08c3096602c046b58,Reflexhämmer,__import__.pc_3473b8b9b955f542f0d3
__import__.pc_407a370f1afb605020da,Spirometer und Zubehör,__import__.pc_3473b8b9b955f542f0d3
__import__.pc_b32687c2df45a3256247,Stimmgabeln,__import__.pc_3473b8b9b955f542f0d3
__import__.pc_51eb8f6d995788ca22f2,SpO2 - Meter,__import__.pc_3473b8b9b955f542f0d3
__import__.pc_e8a19a4b5bae65f27c3e,Pulsdiagnostik,__import__.pc_3473b8b9b955f542f0d3
__import__.pc_f47877f8dfd4f8cf9f7a,Taschendoppler,__import__.pc_3473b8b9b955f542f0d3
__import__.pc_0aed4edb77e65e997d9c,Software-Programme / Varianten,__import__.pc_ffb3631595a4b2d68099
__import__.pc_a612c32e6bb144ec4c16,Software-Module,__import__.pc_ffb3631595a4b2d68099
__import__.pc_2b8336ee9b3d193fcad8,Interface / Laser,__import__.pc_ffb3631595a4b2d68099
__import__.pc_5ba2aca771e9d548cdba,Zubehör,__import__.pc_ffb3631595a4b2d68099
__import__.pc_9e982b7a06231780a46e,Einmal-Pinzetten,__import__.pc_51c52307a3eac83037a6
__import__.pc_b3cfe8b0b96d112bd5a0,Einmal-Skalpelle,__import__.pc_51c52307a3eac83037a6
__import__.pc_404884461fe9777b4f8b,Mundschutz,__import__.pc_51c52307a3eac83037a6
__import__.pc_00df590ad3f89ad48070,Mundspatel,__import__.pc_51c52307a3eac83037a6
__import__.pc_8c86f795b0b01063df61,Nierenschalen,__import__.pc_51c52307a3eac83037a6
__import__.pc_46994c7400292adcbb59,Ultraschallgel,__import__.pc_51c52307a3eac83037a6
__import__.pc_89b06d8cbcdf0c0b4a7f,Tupfer,__import__.pc_3cf05977c06f31e796ff
__import__.pc_36307440ec537f7f336a,Wattestäbchen und Spender,__import__.pc_3cf05977c06f31e796ff
__import__.pc_3d99dadaeb0f396418c1,Scheren,__import__.pc_57f4c6f8f8d09f15d423
__import__.pc_fffef43c31accd7c65c9,Watteträger / Tupferzangen,__import__.pc_57f4c6f8f8d09f15d423
__import__.pc_1475f10f9ab5823f7e55,Pinzetten,__import__.pc_57f4c6f8f8d09f15d423
__import__.pc_021afca6e744d0bcc8d8,"Therapiehocker rund, eckig",__import__.pc_9b494ea1948e95a647fe
__import__.pc_9fff66cf45a901686546,Holzhocker,__import__.pc_9b494ea1948e95a647fe
__import__.pc_8d68cb884812f6538e49,Rundhocker,__import__.pc_9b494ea1948e95a647fe
__import__.pc_61a40eccfe4066c51d6a,Rundhocker mit Rückenlehne,__import__.pc_9b494ea1948e95a647fe
__import__.pc_4bc412e4616c19aab40e,"Polsterhocker, keilform",__import__.pc_9b494ea1948e95a647fe
__import__.pc_20c174e8f1bf427d6686,Sattelsitzhocker,__import__.pc_9b494ea1948e95a647fe
__import__.pc_11812f55a054b85bd9cd,Hippo-Hocker,__import__.pc_9b494ea1948e95a647fe
__import__.pc_cc25f7e440b719ccbcde,Reitersattelhocker,__import__.pc_9b494ea1948e95a647fe
__import__.pc_8f187678c4ad57675385,Dreiviertelrollen,__import__.pc_51dbeca2df96f40d8593
__import__.pc_e2207862ec28220db4d2,Halbrollen,__import__.pc_51dbeca2df96f40d8593
__import__.pc_ce20908261d34009cb37,Kissen,__import__.pc_51dbeca2df96f40d8593
__import__.pc_de7af9986026ab1e15a5,Lagerungskeile,__import__.pc_51dbeca2df96f40d8593
__import__.pc_8a179f1f2c133fae8b26,"Nacken-, Knierollen",__import__.pc_51dbeca2df96f40d8593
__import__.pc_39b79e787535430e7db6,Positurquader,__import__.pc_51dbeca2df96f40d8593
__import__.pc_4aed12bd20248f002515,Venenkissen,__import__.pc_51dbeca2df96f40d8593
__import__.pc_cdff182df6539b84e118,Blackroll,__import__.pc_51dbeca2df96f40d8593
__import__.pc_294830434be498b4ffff,Clinibed,__import__.pc_51dbeca2df96f40d8593
__import__.pc_04a69e47a0dacb9d1b18,aus Acryl,__import__.pc_e382b5b29f18092b8d33
__import__.pc_6a7be22bce31f006ec61,mundgeblasen nach Bier,__import__.pc_e382b5b29f18092b8d33
__import__.pc_ac5a4092c18bb35b5bf8,aus Glas,__import__.pc_e382b5b29f18092b8d33
__import__.pc_9dbd3b4417b207caf176,PRV-02 Schröpfgerät,__import__.pc_e12a6bde2691fca10f0f
__import__.pc_33ffa6e0f7121c468748,Bamico Schröpfsysteme,__import__.pc_e12a6bde2691fca10f0f
__import__.pc_56097b564df48a54413c,"mundgeblasen, dickwandig",__import__.pc_4eaa78ddf73af145baf5
__import__.pc_f3eed5d5679941d39fd9,"mundgeblasen, dünnwandig",__import__.pc_4eaa78ddf73af145baf5
__import__.pc_f62748ee9d1220eb5b83,Vitamine,__import__.pc_fa545d5151d559740945
__import__.pc_1fbcc47c8297e30a36d4,Spurenelemente,__import__.pc_fa545d5151d559740945
__import__.pc_4e2b5fc4f1c66b4cf67e,Ubiquinon / Ubiquinol,__import__.pc_fa545d5151d559740945
__import__.pc_0c6b87d8eb868f999946,Mund- und Zahnpflege nach Hildegard,__import__.pc_42a647d1d610c846f60f
__import__.pc_9b8eb6008abd5de934ab,Tees nach Hildegard,__import__.pc_42a647d1d610c846f60f
__import__.pc_a69070034dbc29e72f0c,Primärhefe,__import__.pc_ea4fe26caa5d82235727
__import__.pc_7b23df51fc0e630b8f82,Bioessenzen,__import__.pc_ea4fe26caa5d82235727
__import__.pc_6409aec34987affe3775,NutriBalance Produkte,__import__.pc_b328d6fde5db24600216
__import__.pc_2c5e305c6c8659905db2,"Ohrsamen, Magent-, Kugelpflaster",__import__.pc_80709f8a76f10f5712fc
__import__.pc_488459cdc8a83730ad6d,Massagestäbe und Zubehör,__import__.pc_80709f8a76f10f5712fc
__import__.pc_fcbcb2038f29a82ffba2,Magnetpflaster - nicht aktiv!,__import__.pc_80709f8a76f10f5712fc
__import__.pc_0b131463985f85d1c684,Kugelpflaster -nicht aktiv!,__import__.pc_80709f8a76f10f5712fc
__import__.pc_2e416240e6f9455bdd0b,Gua Sha,__import__.pc_80709f8a76f10f5712fc
__import__.pc_fff63152655aa7de4a26,SVESA Infrarot Massage,__import__.pc_80709f8a76f10f5712fc
__import__.pc_ccae432a0c606a407d2a,Meridianuhren,__import__.pc_a3f655edcc07f2ba5610
__import__.pc_87deb54f04fd6df572cc,Punktsuchgeräte,__import__.pc_a3f655edcc07f2ba5610
__import__.pc_5929c2755d9122b81a62,Detektoren,__import__.pc_a3f655edcc07f2ba5610
__import__.pc_a7ac13af5d145aa54f54,Sieben-Stern-Nadel,__import__.pc_a3f655edcc07f2ba5610
__import__.pc_c5923793ad19775d7541,Cunmeter,__import__.pc_a3f655edcc07f2ba5610
__import__.pc_fded90a4ce1a82dd5aef,Aderlassnadel,__import__.pc_a3f655edcc07f2ba5610
__import__.pc_e26c9f3ed1b7cd559dcb,Seirin-Nadel B-Typ,__import__.pc_0ca7fdd1e3d664044009
__import__.pc_b3e417c9a459ab411198,Seirin-Nadel J-Typ,__import__.pc_0ca7fdd1e3d664044009
__import__.pc_f1952ab701e87fb20b90,AcuTop,__import__.pc_0ca7fdd1e3d664044009
__import__.pc_24055e04a854675dbd74,Seirin-Dauernadeln,__import__.pc_0ca7fdd1e3d664044009
__import__.pc_7769cbfecb870eb89e07,Cloud Dragon,__import__.pc_0ca7fdd1e3d664044009
__import__.pc_ce21a48b356816fa59c3,HWATO,__import__.pc_0ca7fdd1e3d664044009
__import__.pc_6285da0d6fab0ac2f814,Asia-med,__import__.pc_0ca7fdd1e3d664044009
__import__.pc_e37dd832bb190b794441,ASP-Dauernadel,__import__.pc_0ca7fdd1e3d664044009
__import__.pc_8f571d85cdbc76d2c160,Seirin-Nadel L-Typ,__import__.pc_0ca7fdd1e3d664044009
__import__.pc_4418ec7d62bd128595f0,ACP Elektroakupunkturgerät,__import__.pc_e9678b2bd9bbe3fc625c
__import__.pc_5e78af3f0b219daa78bb,EAV Mess- und Therapiegeräte,__import__.pc_e9678b2bd9bbe3fc625c
__import__.pc_99378a2a2334c64dbedc,EAV Bioresonanzgeräte,__import__.pc_e9678b2bd9bbe3fc625c
__import__.pc_4bce7a3fbfdeef7cd5af,EAV Gerätezubehör,__import__.pc_e9678b2bd9bbe3fc625c
__import__.pc_18ba93691ad375f9c583,SVESA Punktselektor,__import__.pc_e9678b2bd9bbe3fc625c
__import__.pc_722d27bd0fe8bd80c5ac,SVESA Grand Mover -nicht alktiv!,__import__.pc_cf39cf93311e89bc2765
__import__.pc_5e478d933d14526c09c7,Laserakupunkturgeräte,__import__.pc_cf39cf93311e89bc2765
__import__.pc_3137256ae980f85ff498,TINNImed 2,__import__.pc_cf39cf93311e89bc2765
__import__.pc_6e57e935594c55429ce6,Laserneedle,__import__.pc_cf39cf93311e89bc2765
__import__.pc_d44a87a4b1f3597de1b3,Eigenblut*,__import__.pc_11a7ef9fc238dc1154ec
__import__.pc_49e9175799de614fdc60,Moxatherapie*,__import__.pc_11a7ef9fc238dc1154ec
__import__.pc_fb0b1458987e94dc852e,Reflexzonentherapie*,__import__.pc_11a7ef9fc238dc1154ec
__import__.pc_4f9e07b1437dc703a41d,HerbaChaud Wärmepflaster,__import__.pc_4d2354c07abe8907d985
__import__.pc_ea725d1339830825a046,Rotlicht & Infrarotstrahler,__import__.pc_4d2354c07abe8907d985
__import__.pc_1b5fd54de4bf65cdc5c1,Kirschkernkissen,__import__.pc_4d2354c07abe8907d985
__import__.pc_1919814323c9813fd61c,Fußwärmer-Heizdecken,__import__.pc_4d2354c07abe8907d985
__import__.pc_4d9e99abaaa4e13df22f,Moor,__import__.pc_4d2354c07abe8907d985
__import__.pc_8d06f8b61ba1cac37cc0,TDP - Lampen,__import__.pc_4d2354c07abe8907d985
__import__.pc_aef6758a75df465343df,Laserneedle,__import__.pc_4d2354c07abe8907d985
__import__.pc_4b4722b15e5c98ec5764,Calopad,__import__.pc_4d2354c07abe8907d985
__import__.pc_4f57ac726b2adc54d3f6,Swinging Dumbell,__import__.pc_e3d1ec5ca474ceeeed32
__import__.pc_fa9c584deae4f5935ef7,Therapiekreisel,__import__.pc_e3d1ec5ca474ceeeed32
__import__.pc_03607b564cd117035f27,Balanxe Pad,__import__.pc_e3d1ec5ca474ceeeed32
__import__.pc_8394f50efb7d84276f30,Hanteln,__import__.pc_e3d1ec5ca474ceeeed32
__import__.pc_5d5ca896e73c9992e338,Handtrainer,__import__.pc_e3d1ec5ca474ceeeed32
__import__.pc_a85689c4a723d69e8cc5,Bodytrainer,__import__.pc_e3d1ec5ca474ceeeed32
__import__.pc_c8a4bba0ba247bb8156f,Igelbälle,__import__.pc_e3d1ec5ca474ceeeed32
__import__.pc_2d9bc0a93afdd030246f,Kettlebells,__import__.pc_e3d1ec5ca474ceeeed32
__import__.pc_cfb86326f79264f1b68b,Trainingsgeräte,__import__.pc_e3d1ec5ca474ceeeed32
__import__.pc_b2f2b42277141c5c1238,Massageöle und Massagelotionen,__import__.pc_95ccdc37b8db16d45058
__import__.pc_d7b04f49953ff427b6c8,methacell BioEnergy Creme / Lotion,__import__.pc_95ccdc37b8db16d45058
__import__.pc_5aa8c7bd141833fd3bf9,Weitere Cremen / Lotionen / Öle,__import__.pc_95ccdc37b8db16d45058
__import__.pc_20c3160afa4f5d84fddb,mse MithoSkin Konzept,__import__.pc_95ccdc37b8db16d45058
